n;random-17 - minComparisons;random-17 - maxComparisons;random-17 - averageCnomparisons;random-17 - standCnomparisons;random-17 - minSets;random-17 - maxSets;random-17 - avgSets;random-17 - stdSets;random-n/2 - minComparisons;random-n/2 - maxComparisons;random-n/2 - averageCnomparisons;random-n/2 - standCnomparisons;random-n/2 - minSets;random-n/2 - maxSets;random-n/2 - avgSets;random-n/2 - stdSets;random-bigK - minComparisons;random-bigK - maxComparisons;random-bigK - averageCnomparisons;random-bigK - standCnomparisons;random-bigK - minSets;random-bigK - maxSets;random-bigK - avgSets;random-bigK - stdSets;select-17 - minComparisons;select-17 - maxComparisons;select-17 - averageCnomparisons;select-17 - standCnomparisons;select-17 - minSets;select-17 - maxSets;select-17 - avgSets;select-17 - stdSets;select-n/2 - minComparisons;select-n/2 - maxComparisons;select-n/2 - averageCnomparisons;select-n/2 - standCnomparisons;select-n/2 - minSets;select-n/2 - maxSets;select-n/2 - avgSets;select-n/2 - stdSets;select-bigK - minComparisons;select-bigK - maxComparisons;select-bigK - averageCnomparisons;select-bigK - standCnomparisons;select-bigK - minSets;select-bigK - maxSets;select-bigK - avgSets;select-bigK - stdSets;
100;118;523;232;105;41;376;98;88;150;645;282;121;52;378;138;87;99;497;206;106;77;293;106;59;292;510;371;60;157;303;192;47;196;531;388;79;94;323;192;61;302;563;404;66;163;308;199;54
200;218;1111;471;192;39;817;243;170;300;1358;629;211;144;982;319;147;199;959;444;190;151;557;224;95;720;1043;824;83;368;583;421;67;472;1128;865;122;256;629;443;77;693;1136;877;89;386;583;448;61
300;322;1226;625;218;33;812;281;190;458;2153;937;320;164;1268;454;209;299;1547;746;290;239;866;362;142;1152;1604;1314;103;571;896;676;82;596;1582;1358;180;309;875;694;110;974;1772;1372;112;550;917;709;72
400;476;1622;842;290;81;1251;399;273;683;2314;1286;382;283;1546;618;246;419;2049;945;339;343;1006;502;164;1668;2075;1797;101;813;1160;937;74;945;2165;1857;188;476;1160;954;113;1473;2178;1874;124;775;1146;964;77
500;499;2476;1037;389;18;1962;510;385;862;3330;1643;508;314;2156;822;336;499;3127;1315;475;460;1485;656;213;2038;2601;2303;120;1051;1460;1188;90;1201;2788;2314;281;614;1431;1189;159;1746;2723;2367;144;949;1412;1215;87
600;657;2799;1268;464;67;2206;634;427;1033;3899;2050;575;487;2446;1043;412;640;2896;1528;508;494;1737;764;250;2480;3116;2784;142;1268;1681;1434;100;1235;3239;2854;259;609;1749;1471;147;2239;3287;2836;179;1152;1691;1458;107
700;747;3593;1473;547;57;2644;732;513;1084;4529;2239;652;374;2573;1155;474;813;4442;1836;649;557;1940;895;297;2931;3684;3276;158;1513;2007;1696;111;1746;3730;3332;311;890;2003;1718;178;2945;3703;3338;153;1514;1970;1731;92
800;817;4160;1685;662;38;3374;864;642;1296;4587;2578;596;438;2999;1259;451;894;4638;2033;636;672;2225;998;300;3083;4149;3775;170;1527;2205;1945;116;2086;4293;3863;317;1073;2253;1993;179;2941;4219;3837;212;1559;2201;1982;120
900;946;4258;1901;702;30;3382;929;671;1517;5904;2914;943;536;3262;1399;588;1008;4282;2322;780;861;2942;1190;370;3916;4747;4293;172;2017;2559;2211;120;2186;4801;4299;505;1116;2521;2221;273;3882;4744;4373;175;2029;2470;2259;99
1000;1099;4904;2047;692;79;3456;976;624;1604;6682;3284;963;535;3949;1593;609;1109;5234;2681;920;774;2808;1386;487;4113;5298;4814;187;2062;2876;2475;126;2470;5364;4876;379;1312;2880;2509;207;4509;5347;4914;164;2367;2793;2532;101
1100;1130;4620;2224;765;47;2799;1071;705;1986;6224;3782;1023;744;3736;1926;673;1266;7281;3100;1165;948;3998;1470;511;4799;5794;5304;211;2449;3034;2716;135;2677;5844;5368;442;1351;3077;2751;247;3868;5795;5346;272;2017;2988;2742;146
1200;1231;5006;2420;885;48;3423;1153;820;1902;8060;3941;1212;691;5454;1981;882;1350;6763;3174;1102;995;3293;1561;525;4813;6284;5818;246;2461;3357;2995;161;3149;6415;5913;361;1632;3427;3035;204;5354;6378;5870;222;2776;3316;3021;126
1300;1381;5503;2661;936;73;4107;1314;904;2162;8521;4491;1354;756;5349;2326;958;1697;6716;3564;1127;1084;4966;1732;600;5679;6885;6351;215;2880;3667;3268;150;5910;7030;6496;202;3036;3728;3336;133;5800;7120;6398;242;2953;3677;3290;132
1400;1443;6465;2824;964;64;5101;1377;946;2343;8181;4578;1383;831;4402;2292;906;2006;9276;3623;1231;1195;3098;1782;473;6195;7305;6830;215;3109;3830;3510;145;3620;7416;6942;409;1862;3876;3572;228;5914;7370;6910;263;3029;3816;3555;144
1500;1537;6648;3146;1103;58;5009;1628;1104;2516;10870;5032;1522;853;6141;2599;1030;1672;7670;3679;1285;1324;3785;1934;580;6538;7756;7298;237;3353;4118;3738;162;6539;7926;7458;218;3350;4128;3831;141;6541;7897;7435;264;3391;4126;3813;146
1600;1653;7571;3583;1340;76;6000;1888;1303;2675;11923;5413;1738;932;6386;2705;1076;1983;9689;4334;1434;1279;7130;2200;909;7203;8472;7878;202;3688;4447;4051;140;7442;8421;8027;182;3838;4366;4126;118;7413;8535;7950;229;3872;4473;4082;127
1700;1776;6208;3531;1215;93;4287;1773;1182;2686;11143;5708;1743;927;9171;3005;1247;1985;9715;4858;1642;1539;5471;2355;864;7716;9125;8368;227;3944;4799;4298;160;4445;9132;8466;459;2315;4778;4329;247;7599;9097;8446;265;3890;4661;4338;145
1800;1881;8579;3889;1332;70;6701;2047;1308;1799;10859;6077;1815;901;8073;3089;1320;1986;10181;4623;1632;1658;5613;2220;651;8014;9391;8879;253;4105;4937;4562;168;4613;9534;8986;505;2363;4984;4612;272;8023;9703;8977;250;3992;5048;4606;142
1900;1952;7219;3958;1422;53;5321;1984;1379;2965;11377;6467;1969;1018;8439;3192;1409;1989;10473;4991;1746;1810;5385;2507;781;8241;9956;9309;341;4205;5200;4775;213;4810;10334;9370;713;2492;5428;4801;381;8322;10014;9415;364;4267;5194;4825;197
2000;2093;7767;4011;1287;96;5787;1948;1265;3145;15218;6521;1976;1212;10863;3317;1437;1999;12110;5085;1838;1640;5378;2603;742;8848;10506;9806;336;4471;5467;5013;199;5170;10652;9976;569;2610;5495;5098;307;8698;10522;9937;334;4479;5440;5102;177
2100;2171;11888;4508;1624;70;9795;2382;1622;4147;12435;7327;2015;1285;7694;3745;1415;2434;12214;5525;1793;1797;6722;2704;864;9238;11050;10382;348;4758;5779;5297;217;5351;11189;10449;807;2704;5829;5332;435;9375;11266;10475;319;4755;5779;5365;182
2200;2433;9731;4714;1643;200;7338;2428;1573;3501;14619;6963;2055;1206;8900;3486;1319;2248;12522;6258;1907;1902;5416;3110;835;9486;11492;10896;332;4772;6043;5586;213;5632;11810;10985;832;2861;6139;5624;436;9838;11775;11040;333;4999;6076;5641;192
2300;2360;10420;4913;1930;60;7984;2532;1849;3591;12978;7598;2081;1553;7649;3819;1354;2618;12767;5716;1973;1817;6890;2885;841;10048;12303;11419;358;5091;6496;5832;226;6105;12167;11526;625;3100;6436;5894;338;10081;12258;11500;364;5189;6339;5871;187
2400;2520;9790;4850;1649;109;7409;2390;1600;4279;14878;7729;2114;1329;11190;3713;1477;2582;11627;5903;1961;2081;6176;2967;797;10977;12849;11976;307;5600;6758;6129;208;11022;12761;12145;292;5593;6574;6217;176;10933;13211;12061;335;5613;6619;6162;165
2500;2618;10649;5028;1753;112;8153;2420;1720;4313;15672;8785;2340;1616;7852;4324;1401;3249;15278;7220;2513;2035;7874;3588;1257;11252;13165;12483;370;5768;6887;6391;231;11420;13350;12643;340;5761;6943;6472;205;11688;13162;12553;300;5932;6792;6427;161
2600;2671;11666;5248;1873;79;8566;2583;1826;4239;14481;8482;2238;1441;8327;4136;1578;3094;13650;7024;2310;2305;7865;3559;1053;11837;13590;12989;307;6088;7023;6643;198;6811;13830;13018;935;3494;7147;6655;490;11809;13780;13110;328;6008;7080;6698;182
2700;2865;10372;5631;1843;162;7674;2863;1834;4364;16393;8676;2563;1448;10157;4540;1772;2805;19381;7599;2797;2131;12440;3709;1399;12303;14243;13506;348;6312;7461;6915;228;12154;14399;13676;349;6247;7632;6993;213;12214;14494;13537;392;6175;7452;6933;218
2800;2883;10766;5624;1975;71;7952;2612;1876;4434;18780;9160;2677;2094;9154;4418;1649;3529;16735;7488;2689;2339;7513;3718;1057;12050;14851;13966;448;6098;7686;7145;275;12318;14901;14172;401;6290;7651;7244;237;12455;14811;14098;428;6435;7570;7216;222
2900;2924;14471;5862;2325;45;11585;2910;2309;4364;18745;9944;2805;1636;11326;5083;1896;3291;14230;7501;2497;2647;8078;3875;1294;13085;15235;14476;391;6665;7934;7392;255;7546;15390;14582;1066;3820;7911;7443;565;13532;15587;14654;353;6893;7903;7486;187
3000;3044;10827;5801;1899;65;7410;2767;1847;4831;18895;9786;2767;2145;10481;4814;1776;3996;16530;7723;2581;2733;9290;3927;1189;13261;15729;15000;435;6595;8169;7669;258;7703;16033;15137;875;3868;8225;7730;468;11433;15751;15023;591;5834;8155;7688;320
3100;3099;15054;6120;2433;18;11950;2973;2380;5455;20516;11054;3161;2201;11725;5334;2104;3460;16764;8504;2990;2755;8509;4232;1237;14039;16280;15587;355;7103;8497;7951;229;8331;16656;15749;817;4293;8559;8040;431;13771;16539;15706;367;6946;8419;8022;199
3200;3332;12432;6454;2259;77;8699;3149;2158;4991;16754;10714;2879;1747;11593;5439;2202;3901;17807;8870;2982;2894;9167;4431;1316;13749;16802;16028;538;6892;8746;8188;327;8193;17087;16136;960;4134;8686;8239;519;14303;16944;16093;511;7248;8707;8214;281
3300;3418;14525;6627;2172;118;11200;3274;2153;5120;18515;11471;3276;2212;12910;5754;2104;3748;15689;8466;2643;2808;8878;4353;1208;14527;17289;16572;470;7281;8938;8475;281;6675;17395;16675;1085;3344;8957;8524;573;14635;17354;16614;480;7472;8933;8496;267
3400;3399;13944;6886;2423;18;10054;3385;2322;6177;19086;11497;3040;2342;10932;5830;2033;3687;17182;9241;3074;3180;9667;4572;1541;15395;18007;17077;479;7871;9464;8742;293;8736;17951;17170;982;4380;9289;8781;528;14908;17944;17141;480;7657;9191;8766;250
3500;3658;20310;6674;2595;175;16826;3116;2578;6428;21755;11886;3401;2157;12864;6162;2284;3889;21619;9285;3513;2985;9222;4519;1430;15665;18464;17547;526;7968;9585;8956;311;9176;18699;17573;1312;4698;9628;8965;681;15135;18492;17645;568;7760;9567;9011;294
3600;3791;16334;7536;2885;181;12771;3910;2895;5837;30047;11822;3908;2054;13802;6159;2585;4091;20808;9459;3460;3043;10827;4818;1531;16090;18955;18094;525;8138;9834;9248;322;9326;19130;18164;1002;4707;9796;9274;536;16340;19058;18186;543;8247;9811;9292;287
3700;3898;19650;7597;2845;207;15424;3748;2682;5713;21584;12523;3444;1853;10484;5608;1965;4700;23495;9644;3241;3313;9621;4887;1415;16416;19690;18616;464;8344;10227;9506;290;9721;19716;18737;991;4965;10177;9564;523;14401;19673;18677;597;7346;10017;9537;313
3800;3799;19099;7318;2469;18;15334;3458;2434;6710;23189;12385;3565;2405;11903;6250;2229;4799;20789;11006;3661;2950;10965;5351;1597;17441;19953;19089;437;8926;10362;9735;260;9686;20279;19271;1072;4875;10448;9840;566;17340;20244;19232;478;8915;10322;9815;246
3900;4043;18756;7720;2902;163;14849;3721;2834;6211;24782;13206;3362;2976;13048;6449;2395;4082;21137;10619;3395;3608;8312;5122;1324;17880;20457;19612;405;9121;10582;10000;253;9995;20704;19586;1720;5034;10668;9991;891;17747;20746;19765;463;9057;10487;10082;244
4000;4147;18178;8555;3175;121;14198;4534;3183;6225;24708;13818;3777;2170;14501;6803;2401;4090;21500;10176;3392;3646;12480;5335;1671;18357;21134;20143;522;9266;11076;10269;325;10373;21291;20161;1484;5249;10933;10260;774;17377;21303;20219;563;8837;10899;10318;301
4100;4129;18106;8205;2847;50;13989;3916;2679;7073;31539;13574;3980;2653;18213;6859;2603;4354;28387;10811;3862;3411;12998;5336;1663;19114;21560;20752;427;9622;11149;10587;278;10580;21731;20726;1499;5382;11223;10574;787;19378;21748;20838;410;9833;11066;10622;225
4200;4567;16661;7946;2760;340;12436;3724;2762;4199;27003;14304;3796;2101;16063;7297;2649;4382;24112;11351;4038;3843;12783;5550;1687;19463;22131;21180;465;9915;11404;10790;267;10902;22365;21233;1561;5504;11406;10821;809;19091;22342;21308;553;9840;11379;10862;275
4300;4523;16928;8587;2963;232;12606;4208;2922;6622;27268;14623;0;2246;18953;7523;3235;4819;26653;11256;4024;3961;12407;5792;1762;19580;22580;21643;526;9959;11642;11014;305;11162;22669;21733;1209;5668;11633;11064;634;19384;22905;21788;614;9864;11546;11093;317
4400;4399;28615;9405;3780;18;24061;4936;3793;7864;33889;14898;4568;2938;16884;7638;2808;4763;20197;11324;3460;3725;12497;5911;1903;20126;23130;22270;483;10335;12001;11364;287;11405;23517;22385;1254;5836;12117;11430;659;19998;23443;22299;578;10234;11934;11372;305
4500;4755;22531;9208;2913;250;18070;4663;2907;7194;27326;15624;4501;2865;18740;8126;3476;5567;23820;11232;3765;3960;10867;5642;1419;20694;23950;22820;486;10535;12277;11623;306;11790;24268;22911;1220;6003;12422;11685;638;20721;23665;22818;519;10545;12154;11634;283
4600;4794;22085;9283;3227;221;17505;4647;3183;7542;23696;15098;3944;2598;15195;7807;2637;4697;22392;12486;4331;4150;17127;6839;2778;22060;24587;23367;384;11223;12713;11905;244;11783;24624;23350;1695;5958;12594;11904;877;21902;24389;23405;403;11124;12488;11932;213
4700;4831;21628;9672;3845;115;16955;4921;3850;8309;29231;16289;4467;2725;18938;7899;2901;5577;32300;12869;4429;4055;13335;6668;2157;21715;24647;23764;457;10972;12653;12101;277;12190;25057;23887;1257;6178;12836;12156;658;20980;25056;23899;605;10587;12703;12153;330
4800;4826;23667;10304;3416;42;18898;5394;3457;8318;31115;16475;0;2620;23659;8206;3386;5704;21814;13040;3930;4037;10821;6335;1722;21753;25265;24366;553;11050;13084;12431;324;12667;25608;24437;1325;6521;13203;12463;688;21894;25362;24365;605;11171;12945;12419;319
4900;5013;22414;9941;3393;109;17490;4919;3294;8926;35419;16792;0;3351;21726;8416;3514;5076;30643;13231;0;4124;12905;6688;1968;22374;25866;24830;528;11241;13302;12654;321;12790;26007;24970;1365;6546;13471;12742;711;22074;25950;24938;578;11290;13249;12718;301
5000;5142;22335;10161;3698;139;17367;5103;3685;8214;34560;17772;0;2897;18500;8710;3328;5230;25890;12885;4156;4576;13652;6560;1790;22729;26382;25292;607;11432;13578;12869;367;23307;26668;25596;562;11715;13786;13018;322;22948;26614;25501;650;11707;13559;12973;333
5100;5418;18829;10139;3256;328;13744;4993;3269;8319;30629;16996;0;2825;21064;8735;3268;5696;29265;13827;4570;4083;13775;6988;2135;22577;26911;25710;810;11420;13909;13059;464;23404;27181;26055;684;11884;13827;13238;368;22942;26864;25942;712;11742;13698;13192;364
5200;5343;24491;10389;3576;166;18961;5045;3406;9521;31671;17568;0;2812;18649;8805;3259;5705;30029;13658;0;4793;13609;6711;1967;22997;27472;26349;729;11586;14148;13400;422;13263;27817;26344;1976;6643;14250;13408;1028;23770;27697;26448;743;12055;14053;13453;401
5300;5299;22223;10887;3663;18;14343;5506;3582;9283;35804;18688;0;3489;22559;9295;3374;5751;34856;14028;0;4819;18961;7038;2394;24014;27843;26921;584;12078;14434;13689;355;13497;28507;26794;2356;6893;14618;13632;1219;23945;28268;27111;549;12004;14365;13811;304
5400;5569;32476;11063;4345;172;26722;5567;4328;8712;40121;17417;0;2823;20899;8539;3431;7274;39679;14066;0;4715;16281;6957;2066;23136;28451;27281;786;11476;14751;13874;454;14298;28606;27565;1475;7241;14780;14034;774;24237;28593;27564;693;12360;14599;14038;358
5500;5600;20219;11388;3386;116;14734;5850;3394;8711;35433;18129;0;3187;18499;8496;3108;6814;25806;14089;4575;4915;13716;7033;2008;25354;29229;28001;545;12726;15038;14261;335;26637;29002;28272;445;13581;14918;14397;261;25984;28957;28143;475;13058;14913;14326;265
5600;5681;27734;11826;4464;79;22151;6143;4381;9591;43244;17697;0;3568;22230;8847;3586;6226;30156;14732;0;4760;15628;7624;2423;27245;29424;28539;444;13794;15108;14510;285;27205;29753;28794;456;13892;15240;14647;258;27252;29762;28589;456;13917;15273;14549;251
5700;5825;26077;11890;4013;135;20390;6162;4006;10228;32213;20203;0;3809;22316;10046;3651;6618;40712;15371;0;4829;15963;7584;2367;26674;30214;29047;567;13591;15563;14766;336;14612;30137;28989;2106;7400;15458;14754;1087;26894;30168;29161;497;13716;15362;14823;262
5800;5873;24643;11862;4097;70;18837;6029;4104;9343;37786;19119;0;3252;24084;9657;3516;6487;32218;16091;0;4854;18216;8140;2446;26529;30906;29491;604;13330;16072;14993;383;15018;30834;29501;2140;7595;15906;15007;1104;27258;30676;29682;577;13781;15674;15099;311
5900;6053;24395;12297;4102;112;18508;6320;4117;9825;34777;20492;0;3635;19383;9979;3778;6852;34260;15431;0;4944;16797;7696;2078;25531;31170;30058;803;12885;16061;15300;463;15576;31381;30168;1606;7976;15954;15358;828;27272;31182;30167;672;13833;15919;15358;373
6000;6108;30859;11278;4315;113;23092;5214;4230;10237;36868;20334;0;3762;19624;10274;3487;6373;36733;16422;0;4990;14357;7761;2184;27355;31820;30540;717;13972;16308;15531;408;15219;31841;30693;1728;7701;16207;15606;895;27014;31904;30642;780;13678;16197;15575;408
6100;6169;23171;12268;4194;70;17029;6073;4167;10742;41634;20651;0;3622;23669;10461;3814;6546;33957;16790;0;5263;18940;8457;2789;27895;32434;31032;530;14224;16725;15791;320;28721;32229;31315;539;14540;16477;15919;327;27914;32224;31203;662;14229;16471;15859;342
6200;6406;26346;12857;4026;161;20184;6552;3999;10424;41714;20501;0;4110;23046;10400;4049;6557;38090;16325;0;5256;17539;8074;2322;28395;32589;31597;642;14299;16775;16063;388;15173;32810;31703;1778;7677;16853;16119;916;28695;33111;31744;669;14683;16886;16146;342
6300;6771;28386;13089;4178;465;21874;6725;4182;11683;35923;22165;0;3830;28179;11226;4078;6887;35634;16261;0;5082;15889;7921;1939;28247;33918;32068;763;14182;17664;16320;457;28825;33492;32238;652;14551;17202;16406;371;24317;33455;32087;1033;12475;17118;16309;533
6400;6597;22989;12487;4136;198;16618;6027;4136;9906;41127;21708;0;3405;22449;11151;3717;6987;35092;16928;0;4805;21146;8514;2835;29355;33694;32576;754;14949;17419;16580;433;16550;34010;32667;1791;8360;17425;16623;931;29566;33823;32642;794;14933;17244;16618;414
6500;6667;29937;13349;0;173;23070;6800;0;11323;37119;22986;0;4675;26569;11191;4151;7567;36323;17736;0;5640;18294;8558;2608;29831;34850;33092;664;15063;17885;16829;401;17153;34344;33259;1720;8731;17539;16925;891;30722;34516;33314;574;15497;17634;16952;312
6600;7291;31585;14019;0;621;25018;7327;0;11608;43512;22195;0;4363;23983;11135;4080;8032;33650;18286;0;5867;25732;9547;3410;31522;34780;33686;543;15945;18003;17121;333;17222;35015;33709;2403;8720;18064;17138;1241;32580;35157;33872;448;16466;17911;17232;253
6700;7074;27990;13322;0;308;21327;6560;0;10393;41800;22971;0;3704;22973;11055;4452;7977;46093;18667;1604;5619;22455;9723;3494;31022;35557;34181;787;15778;18291;17388;452;30704;35749;34419;851;15444;18260;17515;489;30674;35659;34266;782;15662;18155;17449;416
6800;6987;26885;13592;0;210;20112;6743;0;11889;50546;23378;1225;4279;28197;12097;4612;8871;34865;18421;0;5932;18415;9270;2767;31562;35837;34691;618;16111;18344;17634;370;17557;36332;34463;3020;8892;18426;17510;1555;31282;36114;34743;767;15840;18338;17657;393
6900;6996;30406;13538;0;113;23495;6441;4561;10637;46000;24212;1440;3746;24458;12389;4418;8033;42693;18848;0;5761;21303;9266;3033;31810;36403;35166;708;16112;18792;17883;430;17766;36667;35229;1854;9024;18649;17921;952;32066;36722;35412;657;16339;18668;18004;313
7000;7100;31986;14361;0;87;25002;7274;0;12710;42608;23321;0;4769;22592;11420;4034;7103;31816;19225;0;6393;19124;9939;2794;33458;37009;35808;534;16894;18933;18223;346;18092;37086;35735;2566;9121;19052;18181;1332;34062;37267;35838;568;17253;19009;18248;309
7100;7178;27840;14117;0;86;20704;6987;0;12111;41209;23708;0;5718;26246;12140;4330;7556;41373;19296;1473;6046;21015;9447;2767;32800;37619;36173;779;16665;19321;18397;459;31479;37603;36403;846;16023;19265;18517;463;31185;37326;36178;884;15965;19140;18391;454
7200;7316;24934;14239;4341;97;17663;6986;4348;12209;49776;24307;4104;4342;26812;12212;0;8689;39456;18562;0;6525;23404;9336;2924;33236;38418;36666;790;16692;19865;18643;468;32977;38011;37051;803;16646;19559;18853;452;33144;38336;36830;825;16720;19427;18721;436
7300;7621;29826;14658;0;333;22513;7236;0;11318;44628;24407;1269;3960;25981;12392;0;9118;33531;19891;0;6741;17827;9919;2699;33958;38648;37261;714;17273;19924;18954;412;18927;38610;37403;2041;9696;19816;19029;1051;32608;38546;37302;794;16569;19615;18967;408
7400;7646;40458;14018;0;218;25950;6531;0;11792;38982;24441;0;4091;26501;12893;4460;7951;41453;19413;2120;6150;24522;9851;3270;34550;38843;37657;741;17709;19945;19140;426;32774;39300;38099;833;16622;20095;19380;461;33059;39218;37896;761;16841;19925;19276;385
7500;7674;37328;15252;0;154;29823;7668;0;11484;48587;25848;3202;3906;31889;12725;0;8412;33664;19635;0;6489;20375;9651;2622;34603;39376;38233;753;17729;20126;19426;433;19724;39722;38316;2051;9903;20376;19468;1068;34885;39523;38432;817;17610;20215;19536;438
7600;8131;32842;15885;0;541;25102;8224;0;12644;52136;25740;0;4746;27908;12629;0;8571;39805;19562;0;6783;26123;10405;3435;35688;40299;38848;717;18291;20706;19757;413;35760;40359;39021;691;18168;20789;19820;407;35095;40146;38923;728;17904;20501;19794;372
7700;7894;30098;15075;0;133;22428;7205;0;11975;45904;26673;4628;4849;34150;12888;0;8459;38696;20557;1461;6406;24211;9954;2849;34337;40673;39336;869;17405;20838;19998;509;35542;40619;39655;708;18025;20790;20160;412;34750;41145;39491;930;17505;20955;20074;503
7800;8066;32472;15790;0;287;24676;7922;0;13239;60895;27455;0;5269;33903;13926;0;9019;57793;20917;0;6313;22118;10651;3353;36941;41140;39946;639;18814;21152;20281;392;36705;41230;40147;679;18801;21070;20384;370;36531;41125;40081;624;18566;20856;20354;321
7900;7991;35962;15200;0;87;25833;7199;0;12083;53268;27164;4066;4831;28545;13841;0;8505;50105;20797;4454;6544;29292;10249;3614;35761;42212;40356;857;18087;21636;20517;493;20592;42085;40521;2125;10328;21580;20571;1109;36208;41737;40581;790;18319;21266;20608;423
8000;8184;40347;16710;0;196;32329;8664;0;14051;59369;27700;0;4255;32358;14179;0;9735;40323;22389;2182;6282;28909;11529;3932;39015;42488;41030;583;19797;21785;20850;385;38167;42371;41340;585;19407;21683;21012;344;38972;42384;41026;590;19824;21543;20853;300
8100;8326;29058;16956;0;199;20145;8787;0;13150;45773;25853;2743;4660;31001;13090;0;10366;45030;23242;3519;6990;24411;11167;3378;37564;42590;41434;703;19095;21765;21039;422;21196;43270;41615;2161;10772;22025;21115;1107;37208;43065;41676;721;19033;21801;21167;364
8200;8230;37886;16575;0;38;29676;8239;0;14106;51702;26545;1614;5787;29159;13210;4324;10042;39089;23113;2573;7860;24649;11181;3629;38291;43289;42033;659;19413;22173;21365;397;21481;43279;42130;2157;10915;22165;21416;1109;38131;43195;42088;691;19240;22111;21391;372
8300;8360;32517;16214;0;66;24232;7801;0;14595;49780;27019;4382;5509;32026;13797;0;11609;39582;22966;0;6648;24623;11355;3659;38567;43841;42397;711;19548;22502;21499;420;21314;44236;42393;3060;10790;22533;21519;1569;38846;44532;42677;693;19558;22608;21671;363
8400;8825;33120;17250;0;403;23398;8714;0;14447;52009;27798;4544;4960;26174;14206;0;11005;51118;22730;0;6953;37204;11170;4077;41043;44297;43034;622;20948;22716;21860;374;41685;44467;43393;548;21196;22712;22035;312;40264;44483;43127;653;20547;22544;21921;327
8500;8552;38465;18481;1665;62;28493;9937;1553;13909;53216;28012;0;5327;43893;14479;0;10061;46204;22683;3037;6984;23069;11251;3166;41573;45101;43678;594;21025;23086;22182;378;22080;45259;43803;2244;11137;23042;22236;1154;41190;44996;43794;577;21125;22888;22242;282
8600;8973;31496;17599;0;389;22415;8817;0;13054;52843;27654;3119;5523;31080;14342;0;9029;47246;22996;0;7454;21977;11635;3583;39862;45049;44038;745;20107;23144;22368;443;22469;45508;44103;2337;11427;23111;22392;1203;39817;45599;44141;913;20117;23172;22405;480
8700;8865;47426;19286;3959;168;37908;10486;3792;14366;52132;29974;0;5096;36739;14457;0;9103;39206;21609;2266;7957;26471;11667;3919;40639;46145;44668;781;20570;23667;22689;478;39805;46415;44832;864;20219;23596;22774;473;40337;45977;44625;869;20503;23361;22655;450
8800;9180;44139;18039;147;401;34736;9056;0;14031;54276;28763;0;5663;39496;14185;0;9781;48768;24542;0;7933;28843;12064;4283;43636;46351;45078;556;21870;23798;22865;345;23059;46696;45287;2342;11797;23942;22983;1199;43500;46793;45336;649;22009;23608;23020;315
8900;9039;32471;17513;0;137;23595;8603;0;14897;54836;29565;0;5429;40440;15118;0;9300;43108;23843;3965;7851;27227;12522;4287;40439;46964;45682;980;20517;24084;23194;548;40919;47434;45847;1068;20780;24365;23272;585;41240;47094;45682;1045;20863;23851;23169;545
9000;9442;48558;19024;2560;452;31480;9885;1593;15688;53221;30327;0;4999;35495;15089;0;11336;47595;24227;0;8164;30495;12191;3956;41505;47507;46091;913;20830;24322;23407;532;41747;47813;46443;952;20921;24507;23584;535;42326;47785;46345;837;21582;24289;23530;441
9100;9525;36478;18110;0;442;27387;8871;0;14673;62548;30338;0;5666;44459;15231;0;11377;44883;24494;0;8457;26355;12358;3787;42619;48284;46645;819;21719;24610;23677;474;42488;48501;47045;804;21583;24858;23884;444;41918;48566;46861;890;21209;24614;23794;440
9200;9379;38977;18635;2364;157;29788;9347;2313;14952;58962;33085;0;4913;34929;16522;1870;10078;50018;24802;0;8226;25226;12407;3794;42757;48874;47031;1196;21738;24891;23853;654;42819;48851;47293;1130;21698;24967;23994;590;41509;49013;47167;1323;21087;24947;23920;665
9300;9355;39619;18457;0;76;30339;9124;0;15884;56324;31108;0;5788;35227;16059;0;9827;45673;25366;0;8519;26493;12522;3883;45885;49879;47802;705;23192;25632;24271;455;24288;49380;47834;2462;12291;25143;24287;1268;45728;49242;48018;577;23170;25015;24387;306
9400;9768;37854;17327;0;363;28475;7781;0;18255;62000;32793;0;7124;33839;16232;0;11837;45174;26535;4522;8342;25193;12894;3598;42958;50109;48091;1071;21736;25772;24426;623;23582;50016;47918;3531;11949;25466;24315;1807;43536;49944;48175;1029;22134;25222;24454;536
9500;9707;35997;19477;0;141;26535;9926;0;16803;56489;32333;1777;5777;40639;16122;1911;10179;60141;26195;2356;8888;29002;13677;0;42981;50182;48855;839;21650;25887;24805;502;24982;50282;48848;2499;12578;25706;24815;1297;44599;50171;48893;787;22659;25549;24823;421
9600;9690;53414;18705;2823;115;43857;9084;2819;14836;56065;31834;0;6878;33856;16925;0;10204;53111;25475;2502;8880;28997;13192;4376;47975;50857;49435;546;24108;26052;25111;362;24359;50915;49218;3565;12323;25950;24994;1827;43739;50684;49325;863;22099;25906;25039;461
9700;9799;47243;19146;2245;92;37472;9417;2279;16003;74358;31434;0;6003;34849;15899;0;12022;48847;26893;0;8372;29008;13065;4199;44911;51319;49828;872;22710;26346;25292;521;24817;51745;49619;3619;12636;26409;25185;1857;45975;51804;49950;738;23057;26127;25345;408
9800;10056;46020;20039;0;263;35982;10082;0;18627;69183;34476;4138;7318;42398;18060;1953;13115;54064;26421;0;8302;25734;13315;4010;44642;51727;50307;1020;22417;26457;25527;564;45463;51939;50564;1067;23091;26438;25667;585;44192;52051;50324;1191;22226;26405;25550;626
9900;10010;45784;18980;2315;108;35808;8894;1759;16451;52857;33238;4561;6241;31654;17407;0;12355;60040;27137;1946;7928;32166;13568;4595;45469;52400;50809;897;22849;26724;25769;502;46336;52371;51030;920;23488;26678;25882;513;45983;52329;50981;1001;23436;26542;25871;539
10000;10446;42457;20671;2663;400;32340;10491;2554;15394;70713;34494;4124;5209;37159;17978;1942;12156;47463;25972;0;8477;29414;12876;3793;49517;53187;51473;687;25000;27187;26119;424;48935;53384;51854;704;24926;27136;26310;397;48515;52859;51487;866;24621;26850;26109;436
